transcript_name	transcript_id	k_size	total_kmer_windows	matched_kmer_windows	matched_kmer_ratio	unique_kmers	unique_kmers_found	unique_kmer_ratio	reference_hit_sum	source_file	genome
HAR1A-201	ENST00000433161.2	33	1885	0	0.0	1885	0	0.0	0	kmer_results/multi_exact_mapper/results_33/HAR1A_GCF_002880755.1_Clint_PTRv2_genomic_k33_kmer_locations.summary.tsv	Clintptrv2
HAR1A-201	ENST00000433161.2	34	1884	0	0.0	1884	0	0.0	0	kmer_results/multi_exact_mapper/results_34/HAR1A_GCF_002880755.1_Clint_PTRv2_genomic_k34_kmer_locations.summary.tsv	Clintptrv2
HAR1A-201	ENST00000433161.2	35	1883	0	0.0	1883	0	0.0	0	kmer_results/multi_exact_mapper/results_35/HAR1A_GCF_002880755.1_Clint_PTRv2_genomic_k35_kmer_locations.summary.tsv	Clintptrv2
HAR1A-201	ENST00000433161.2	36	1882	0	0.0	1882	0	0.0	0	kmer_results/multi_exact_mapper/results_36/HAR1A_GCF_002880755.1_Clint_PTRv2_genomic_k36_kmer_locations.summary.tsv	Clintptrv2
HAR1A-201	ENST00000433161.2	37	1881	0	0.0	1881	0	0.0	0	kmer_results/multi_exact_mapper/results_37/HAR1A_GCF_002880755.1_Clint_PTRv2_genomic_k37_kmer_locations.summary.tsv	Clintptrv2
HAR1A-201	ENST00000433161.2	38	1880	0	0.0	1880	0	0.0	0	kmer_results/multi_exact_mapper/results_38/HAR1A_GCF_002880755.1_Clint_PTRv2_genomic_k38_kmer_locations.summary.tsv	Clintptrv2
HAR1A-201	ENST00000433161.2	39	1879	0	0.0	1879	0	0.0	0	kmer_results/multi_exact_mapper/results_39/HAR1A_GCF_002880755.1_Clint_PTRv2_genomic_k39_kmer_locations.summary.tsv	Clintptrv2
HAR1A-201	ENST00000433161.2	40	1878	0	0.0	1878	0	0.0	0	kmer_results/multi_exact_mapper/results_40/HAR1A_GCF_002880755.1_Clint_PTRv2_genomic_k40_kmer_locations.summary.tsv	Clintptrv2
HAR1A-202	ENST00000806886.1	33	926	0	0.0	926	0	0.0	0	kmer_results/multi_exact_mapper/results_33/HAR1A_GCF_002880755.1_Clint_PTRv2_genomic_k33_kmer_locations.summary.tsv	Clintptrv2
HAR1A-202	ENST00000806886.1	34	925	0	0.0	925	0	0.0	0	kmer_results/multi_exact_mapper/results_34/HAR1A_GCF_002880755.1_Clint_PTRv2_genomic_k34_kmer_locations.summary.tsv	Clintptrv2
HAR1A-202	ENST00000806886.1	35	924	0	0.0	924	0	0.0	0	kmer_results/multi_exact_mapper/results_35/HAR1A_GCF_002880755.1_Clint_PTRv2_genomic_k35_kmer_locations.summary.tsv	Clintptrv2
HAR1A-202	ENST00000806886.1	36	923	0	0.0	923	0	0.0	0	kmer_results/multi_exact_mapper/results_36/HAR1A_GCF_002880755.1_Clint_PTRv2_genomic_k36_kmer_locations.summary.tsv	Clintptrv2
HAR1A-202	ENST00000806886.1	37	922	0	0.0	922	0	0.0	0	kmer_results/multi_exact_mapper/results_37/HAR1A_GCF_002880755.1_Clint_PTRv2_genomic_k37_kmer_locations.summary.tsv	Clintptrv2
HAR1A-202	ENST00000806886.1	38	921	0	0.0	921	0	0.0	0	kmer_results/multi_exact_mapper/results_38/HAR1A_GCF_002880755.1_Clint_PTRv2_genomic_k38_kmer_locations.summary.tsv	Clintptrv2
HAR1A-202	ENST00000806886.1	39	920	0	0.0	920	0	0.0	0	kmer_results/multi_exact_mapper/results_39/HAR1A_GCF_002880755.1_Clint_PTRv2_genomic_k39_kmer_locations.summary.tsv	Clintptrv2
HAR1A-202	ENST00000806886.1	40	919	0	0.0	919	0	0.0	0	kmer_results/multi_exact_mapper/results_40/HAR1A_GCF_002880755.1_Clint_PTRv2_genomic_k40_kmer_locations.summary.tsv	Clintptrv2
HAR1A-203	ENST00000806887.1	33	845	0	0.0	845	0	0.0	0	kmer_results/multi_exact_mapper/results_33/HAR1A_GCF_002880755.1_Clint_PTRv2_genomic_k33_kmer_locations.summary.tsv	Clintptrv2
HAR1A-203	ENST00000806887.1	34	844	0	0.0	844	0	0.0	0	kmer_results/multi_exact_mapper/results_34/HAR1A_GCF_002880755.1_Clint_PTRv2_genomic_k34_kmer_locations.summary.tsv	Clintptrv2
HAR1A-203	ENST00000806887.1	35	843	0	0.0	843	0	0.0	0	kmer_results/multi_exact_mapper/results_35/HAR1A_GCF_002880755.1_Clint_PTRv2_genomic_k35_kmer_locations.summary.tsv	Clintptrv2
HAR1A-203	ENST00000806887.1	36	842	0	0.0	842	0	0.0	0	kmer_results/multi_exact_mapper/results_36/HAR1A_GCF_002880755.1_Clint_PTRv2_genomic_k36_kmer_locations.summary.tsv	Clintptrv2
HAR1A-203	ENST00000806887.1	37	841	0	0.0	841	0	0.0	0	kmer_results/multi_exact_mapper/results_37/HAR1A_GCF_002880755.1_Clint_PTRv2_genomic_k37_kmer_locations.summary.tsv	Clintptrv2
HAR1A-203	ENST00000806887.1	38	840	0	0.0	840	0	0.0	0	kmer_results/multi_exact_mapper/results_38/HAR1A_GCF_002880755.1_Clint_PTRv2_genomic_k38_kmer_locations.summary.tsv	Clintptrv2
HAR1A-203	ENST00000806887.1	39	839	0	0.0	839	0	0.0	0	kmer_results/multi_exact_mapper/results_39/HAR1A_GCF_002880755.1_Clint_PTRv2_genomic_k39_kmer_locations.summary.tsv	Clintptrv2
HAR1A-203	ENST00000806887.1	40	838	0	0.0	838	0	0.0	0	kmer_results/multi_exact_mapper/results_40/HAR1A_GCF_002880755.1_Clint_PTRv2_genomic_k40_kmer_locations.summary.tsv	Clintptrv2
HAR1A-201	ENST00000433161.2	33	1885	1378	0.731034	1885	1378	0.731034	1378	kmer_results/multi_exact_mapper/results_33/HAR1A_GCA_054883195.1_H9_T2T.hap1_genomic_k33_kmer_locations.summary.tsv	H9T2Thap1
HAR1A-201	ENST00000433161.2	34	1884	1363	0.723461	1884	1363	0.723461	1363	kmer_results/multi_exact_mapper/results_34/HAR1A_GCA_054883195.1_H9_T2T.hap1_genomic_k34_kmer_locations.summary.tsv	H9T2Thap1
HAR1A-201	ENST00000433161.2	35	1883	1348	0.715879	1883	1348	0.715879	1348	kmer_results/multi_exact_mapper/results_35/HAR1A_GCA_054883195.1_H9_T2T.hap1_genomic_k35_kmer_locations.summary.tsv	H9T2Thap1
HAR1A-201	ENST00000433161.2	36	1882	1333	0.708289	1882	1333	0.708289	1333	kmer_results/multi_exact_mapper/results_36/HAR1A_GCA_054883195.1_H9_T2T.hap1_genomic_k36_kmer_locations.summary.tsv	H9T2Thap1
HAR1A-201	ENST00000433161.2	37	1881	1318	0.700691	1881	1318	0.700691	1318	kmer_results/multi_exact_mapper/results_37/HAR1A_GCA_054883195.1_H9_T2T.hap1_genomic_k37_kmer_locations.summary.tsv	H9T2Thap1
HAR1A-201	ENST00000433161.2	38	1880	1303	0.693085	1880	1303	0.693085	1303	kmer_results/multi_exact_mapper/results_38/HAR1A_GCA_054883195.1_H9_T2T.hap1_genomic_k38_kmer_locations.summary.tsv	H9T2Thap1
HAR1A-201	ENST00000433161.2	39	1879	1288	0.685471	1879	1288	0.685471	1288	kmer_results/multi_exact_mapper/results_39/HAR1A_GCA_054883195.1_H9_T2T.hap1_genomic_k39_kmer_locations.summary.tsv	H9T2Thap1
HAR1A-201	ENST00000433161.2	40	1878	1273	0.677849	1878	1273	0.677849	1273	kmer_results/multi_exact_mapper/results_40/HAR1A_GCA_054883195.1_H9_T2T.hap1_genomic_k40_kmer_locations.summary.tsv	H9T2Thap1
HAR1A-202	ENST00000806886.1	33	926	630	0.680346	926	630	0.680346	630	kmer_results/multi_exact_mapper/results_33/HAR1A_GCA_054883195.1_H9_T2T.hap1_genomic_k33_kmer_locations.summary.tsv	H9T2Thap1
HAR1A-202	ENST00000806886.1	34	925	622	0.672432	925	622	0.672432	622	kmer_results/multi_exact_mapper/results_34/HAR1A_GCA_054883195.1_H9_T2T.hap1_genomic_k34_kmer_locations.summary.tsv	H9T2Thap1
HAR1A-202	ENST00000806886.1	35	924	614	0.664502	924	614	0.664502	614	kmer_results/multi_exact_mapper/results_35/HAR1A_GCA_054883195.1_H9_T2T.hap1_genomic_k35_kmer_locations.summary.tsv	H9T2Thap1
HAR1A-202	ENST00000806886.1	36	923	606	0.656555	923	606	0.656555	606	kmer_results/multi_exact_mapper/results_36/HAR1A_GCA_054883195.1_H9_T2T.hap1_genomic_k36_kmer_locations.summary.tsv	H9T2Thap1
HAR1A-202	ENST00000806886.1	37	922	598	0.64859	922	598	0.64859	598	kmer_results/multi_exact_mapper/results_37/HAR1A_GCA_054883195.1_H9_T2T.hap1_genomic_k37_kmer_locations.summary.tsv	H9T2Thap1
HAR1A-202	ENST00000806886.1	38	921	590	0.640608	921	590	0.640608	590	kmer_results/multi_exact_mapper/results_38/HAR1A_GCA_054883195.1_H9_T2T.hap1_genomic_k38_kmer_locations.summary.tsv	H9T2Thap1
HAR1A-202	ENST00000806886.1	39	920	582	0.632609	920	582	0.632609	582	kmer_results/multi_exact_mapper/results_39/HAR1A_GCA_054883195.1_H9_T2T.hap1_genomic_k39_kmer_locations.summary.tsv	H9T2Thap1
HAR1A-202	ENST00000806886.1	40	919	574	0.624592	919	574	0.624592	574	kmer_results/multi_exact_mapper/results_40/HAR1A_GCA_054883195.1_H9_T2T.hap1_genomic_k40_kmer_locations.summary.tsv	H9T2Thap1
HAR1A-203	ENST00000806887.1	33	845	528	0.624852	845	528	0.624852	528	kmer_results/multi_exact_mapper/results_33/HAR1A_GCA_054883195.1_H9_T2T.hap1_genomic_k33_kmer_locations.summary.tsv	H9T2Thap1
HAR1A-203	ENST00000806887.1	34	844	519	0.614929	844	519	0.614929	519	kmer_results/multi_exact_mapper/results_34/HAR1A_GCA_054883195.1_H9_T2T.hap1_genomic_k34_kmer_locations.summary.tsv	H9T2Thap1
HAR1A-203	ENST00000806887.1	35	843	510	0.604982	843	510	0.604982	510	kmer_results/multi_exact_mapper/results_35/HAR1A_GCA_054883195.1_H9_T2T.hap1_genomic_k35_kmer_locations.summary.tsv	H9T2Thap1
HAR1A-203	ENST00000806887.1	36	842	501	0.595012	842	501	0.595012	501	kmer_results/multi_exact_mapper/results_36/HAR1A_GCA_054883195.1_H9_T2T.hap1_genomic_k36_kmer_locations.summary.tsv	H9T2Thap1
HAR1A-203	ENST00000806887.1	37	841	492	0.585018	841	492	0.585018	492	kmer_results/multi_exact_mapper/results_37/HAR1A_GCA_054883195.1_H9_T2T.hap1_genomic_k37_kmer_locations.summary.tsv	H9T2Thap1
HAR1A-203	ENST00000806887.1	38	840	483	0.575	840	483	0.575	483	kmer_results/multi_exact_mapper/results_38/HAR1A_GCA_054883195.1_H9_T2T.hap1_genomic_k38_kmer_locations.summary.tsv	H9T2Thap1
HAR1A-203	ENST00000806887.1	39	839	474	0.564958	839	474	0.564958	474	kmer_results/multi_exact_mapper/results_39/HAR1A_GCA_054883195.1_H9_T2T.hap1_genomic_k39_kmer_locations.summary.tsv	H9T2Thap1
HAR1A-203	ENST00000806887.1	40	838	465	0.554893	838	465	0.554893	465	kmer_results/multi_exact_mapper/results_40/HAR1A_GCA_054883195.1_H9_T2T.hap1_genomic_k40_kmer_locations.summary.tsv	H9T2Thap1
HAR1A-201	ENST00000433161.2	33	1885	1728	0.916711	1885	1728	0.916711	1728	kmer_results/multi_exact_mapper/results_33/HAR1A_GCA_054883265.1_H9_T2T.hap2_genomic_k33_kmer_locations.summary.tsv	H9T2Thap2
HAR1A-201	ENST00000433161.2	34	1884	1722	0.914013	1884	1722	0.914013	1722	kmer_results/multi_exact_mapper/results_34/HAR1A_GCA_054883265.1_H9_T2T.hap2_genomic_k34_kmer_locations.summary.tsv	H9T2Thap2
HAR1A-201	ENST00000433161.2	35	1883	1716	0.911312	1883	1716	0.911312	1716	kmer_results/multi_exact_mapper/results_35/HAR1A_GCA_054883265.1_H9_T2T.hap2_genomic_k35_kmer_locations.summary.tsv	H9T2Thap2
HAR1A-201	ENST00000433161.2	36	1882	1710	0.908608	1882	1710	0.908608	1710	kmer_results/multi_exact_mapper/results_36/HAR1A_GCA_054883265.1_H9_T2T.hap2_genomic_k36_kmer_locations.summary.tsv	H9T2Thap2
HAR1A-201	ENST00000433161.2	37	1881	1704	0.905901	1881	1704	0.905901	1704	kmer_results/multi_exact_mapper/results_37/HAR1A_GCA_054883265.1_H9_T2T.hap2_genomic_k37_kmer_locations.summary.tsv	H9T2Thap2
HAR1A-201	ENST00000433161.2	38	1880	1698	0.903191	1880	1698	0.903191	1698	kmer_results/multi_exact_mapper/results_38/HAR1A_GCA_054883265.1_H9_T2T.hap2_genomic_k38_kmer_locations.summary.tsv	H9T2Thap2
HAR1A-201	ENST00000433161.2	39	1879	1692	0.900479	1879	1692	0.900479	1692	kmer_results/multi_exact_mapper/results_39/HAR1A_GCA_054883265.1_H9_T2T.hap2_genomic_k39_kmer_locations.summary.tsv	H9T2Thap2
HAR1A-201	ENST00000433161.2	40	1878	1686	0.897764	1878	1686	0.897764	1686	kmer_results/multi_exact_mapper/results_40/HAR1A_GCA_054883265.1_H9_T2T.hap2_genomic_k40_kmer_locations.summary.tsv	H9T2Thap2
HAR1A-202	ENST00000806886.1	33	926	898	0.969762	926	898	0.969762	898	kmer_results/multi_exact_mapper/results_33/HAR1A_GCA_054883265.1_H9_T2T.hap2_genomic_k33_kmer_locations.summary.tsv	H9T2Thap2
HAR1A-202	ENST00000806886.1	34	925	896	0.968649	925	896	0.968649	896	kmer_results/multi_exact_mapper/results_34/HAR1A_GCA_054883265.1_H9_T2T.hap2_genomic_k34_kmer_locations.summary.tsv	H9T2Thap2
HAR1A-202	ENST00000806886.1	35	924	894	0.967532	924	894	0.967532	894	kmer_results/multi_exact_mapper/results_35/HAR1A_GCA_054883265.1_H9_T2T.hap2_genomic_k35_kmer_locations.summary.tsv	H9T2Thap2
HAR1A-202	ENST00000806886.1	36	923	892	0.966414	923	892	0.966414	892	kmer_results/multi_exact_mapper/results_36/HAR1A_GCA_054883265.1_H9_T2T.hap2_genomic_k36_kmer_locations.summary.tsv	H9T2Thap2
HAR1A-202	ENST00000806886.1	37	922	890	0.965293	922	890	0.965293	890	kmer_results/multi_exact_mapper/results_37/HAR1A_GCA_054883265.1_H9_T2T.hap2_genomic_k37_kmer_locations.summary.tsv	H9T2Thap2
HAR1A-202	ENST00000806886.1	38	921	888	0.964169	921	888	0.964169	888	kmer_results/multi_exact_mapper/results_38/HAR1A_GCA_054883265.1_H9_T2T.hap2_genomic_k38_kmer_locations.summary.tsv	H9T2Thap2
HAR1A-202	ENST00000806886.1	39	920	886	0.963043	920	886	0.963043	886	kmer_results/multi_exact_mapper/results_39/HAR1A_GCA_054883265.1_H9_T2T.hap2_genomic_k39_kmer_locations.summary.tsv	H9T2Thap2
HAR1A-202	ENST00000806886.1	40	919	884	0.961915	919	884	0.961915	884	kmer_results/multi_exact_mapper/results_40/HAR1A_GCA_054883265.1_H9_T2T.hap2_genomic_k40_kmer_locations.summary.tsv	H9T2Thap2
HAR1A-203	ENST00000806887.1	33	845	813	0.96213	845	813	0.96213	813	kmer_results/multi_exact_mapper/results_33/HAR1A_GCA_054883265.1_H9_T2T.hap2_genomic_k33_kmer_locations.summary.tsv	H9T2Thap2
HAR1A-203	ENST00000806887.1	34	844	811	0.9609	844	811	0.9609	811	kmer_results/multi_exact_mapper/results_34/HAR1A_GCA_054883265.1_H9_T2T.hap2_genomic_k34_kmer_locations.summary.tsv	H9T2Thap2
HAR1A-203	ENST00000806887.1	35	843	809	0.959668	843	809	0.959668	809	kmer_results/multi_exact_mapper/results_35/HAR1A_GCA_054883265.1_H9_T2T.hap2_genomic_k35_kmer_locations.summary.tsv	H9T2Thap2
HAR1A-203	ENST00000806887.1	36	842	807	0.958432	842	807	0.958432	807	kmer_results/multi_exact_mapper/results_36/HAR1A_GCA_054883265.1_H9_T2T.hap2_genomic_k36_kmer_locations.summary.tsv	H9T2Thap2
HAR1A-203	ENST00000806887.1	37	841	805	0.957194	841	805	0.957194	805	kmer_results/multi_exact_mapper/results_37/HAR1A_GCA_054883265.1_H9_T2T.hap2_genomic_k37_kmer_locations.summary.tsv	H9T2Thap2
HAR1A-203	ENST00000806887.1	38	840	803	0.955952	840	803	0.955952	803	kmer_results/multi_exact_mapper/results_38/HAR1A_GCA_054883265.1_H9_T2T.hap2_genomic_k38_kmer_locations.summary.tsv	H9T2Thap2
HAR1A-203	ENST00000806887.1	39	839	801	0.954708	839	801	0.954708	801	kmer_results/multi_exact_mapper/results_39/HAR1A_GCA_054883265.1_H9_T2T.hap2_genomic_k39_kmer_locations.summary.tsv	H9T2Thap2
HAR1A-203	ENST00000806887.1	40	838	799	0.953461	838	799	0.953461	799	kmer_results/multi_exact_mapper/results_40/HAR1A_GCA_054883265.1_H9_T2T.hap2_genomic_k40_kmer_locations.summary.tsv	H9T2Thap2
HAR1A-201	ENST00000433161.2	33	1885	628	0.333156	1885	628	0.333156	628	kmer_results/multi_exact_mapper/results_33/HAR1A_GCF_013052645.1_Mhudiblu_PPA_v0_genomic_k33_kmer_locations.summary.tsv	MhudibluPPAv0
HAR1A-201	ENST00000433161.2	34	1884	613	0.325372	1884	613	0.325372	613	kmer_results/multi_exact_mapper/results_34/HAR1A_GCF_013052645.1_Mhudiblu_PPA_v0_genomic_k34_kmer_locations.summary.tsv	MhudibluPPAv0
HAR1A-201	ENST00000433161.2	35	1883	599	0.318109	1883	599	0.318109	599	kmer_results/multi_exact_mapper/results_35/HAR1A_GCF_013052645.1_Mhudiblu_PPA_v0_genomic_k35_kmer_locations.summary.tsv	MhudibluPPAv0
HAR1A-201	ENST00000433161.2	36	1882	585	0.31084	1882	585	0.31084	585	kmer_results/multi_exact_mapper/results_36/HAR1A_GCF_013052645.1_Mhudiblu_PPA_v0_genomic_k36_kmer_locations.summary.tsv	MhudibluPPAv0
HAR1A-201	ENST00000433161.2	37	1881	572	0.304094	1881	572	0.304094	572	kmer_results/multi_exact_mapper/results_37/HAR1A_GCF_013052645.1_Mhudiblu_PPA_v0_genomic_k37_kmer_locations.summary.tsv	MhudibluPPAv0
HAR1A-201	ENST00000433161.2	38	1880	560	0.297872	1880	560	0.297872	560	kmer_results/multi_exact_mapper/results_38/HAR1A_GCF_013052645.1_Mhudiblu_PPA_v0_genomic_k38_kmer_locations.summary.tsv	MhudibluPPAv0
HAR1A-201	ENST00000433161.2	39	1879	549	0.292177	1879	549	0.292177	549	kmer_results/multi_exact_mapper/results_39/HAR1A_GCF_013052645.1_Mhudiblu_PPA_v0_genomic_k39_kmer_locations.summary.tsv	MhudibluPPAv0
HAR1A-201	ENST00000433161.2	40	1878	538	0.286475	1878	538	0.286475	538	kmer_results/multi_exact_mapper/results_40/HAR1A_GCF_013052645.1_Mhudiblu_PPA_v0_genomic_k40_kmer_locations.summary.tsv	MhudibluPPAv0
HAR1A-202	ENST00000806886.1	33	926	483	0.521598	926	483	0.521598	483	kmer_results/multi_exact_mapper/results_33/HAR1A_GCF_013052645.1_Mhudiblu_PPA_v0_genomic_k33_kmer_locations.summary.tsv	MhudibluPPAv0
HAR1A-202	ENST00000806886.1	34	925	473	0.511351	925	473	0.511351	473	kmer_results/multi_exact_mapper/results_34/HAR1A_GCF_013052645.1_Mhudiblu_PPA_v0_genomic_k34_kmer_locations.summary.tsv	MhudibluPPAv0
HAR1A-202	ENST00000806886.1	35	924	464	0.502165	924	464	0.502165	464	kmer_results/multi_exact_mapper/results_35/HAR1A_GCF_013052645.1_Mhudiblu_PPA_v0_genomic_k35_kmer_locations.summary.tsv	MhudibluPPAv0
HAR1A-202	ENST00000806886.1	36	923	455	0.492958	923	455	0.492958	455	kmer_results/multi_exact_mapper/results_36/HAR1A_GCF_013052645.1_Mhudiblu_PPA_v0_genomic_k36_kmer_locations.summary.tsv	MhudibluPPAv0
HAR1A-202	ENST00000806886.1	37	922	446	0.483731	922	446	0.483731	446	kmer_results/multi_exact_mapper/results_37/HAR1A_GCF_013052645.1_Mhudiblu_PPA_v0_genomic_k37_kmer_locations.summary.tsv	MhudibluPPAv0
HAR1A-202	ENST00000806886.1	38	921	437	0.474484	921	437	0.474484	437	kmer_results/multi_exact_mapper/results_38/HAR1A_GCF_013052645.1_Mhudiblu_PPA_v0_genomic_k38_kmer_locations.summary.tsv	MhudibluPPAv0
HAR1A-202	ENST00000806886.1	39	920	429	0.466304	920	429	0.466304	429	kmer_results/multi_exact_mapper/results_39/HAR1A_GCF_013052645.1_Mhudiblu_PPA_v0_genomic_k39_kmer_locations.summary.tsv	MhudibluPPAv0
HAR1A-202	ENST00000806886.1	40	919	421	0.458107	919	421	0.458107	421	kmer_results/multi_exact_mapper/results_40/HAR1A_GCF_013052645.1_Mhudiblu_PPA_v0_genomic_k40_kmer_locations.summary.tsv	MhudibluPPAv0
HAR1A-203	ENST00000806887.1	33	845	479	0.566864	845	479	0.566864	479	kmer_results/multi_exact_mapper/results_33/HAR1A_GCF_013052645.1_Mhudiblu_PPA_v0_genomic_k33_kmer_locations.summary.tsv	MhudibluPPAv0
HAR1A-203	ENST00000806887.1	34	844	471	0.558057	844	471	0.558057	471	kmer_results/multi_exact_mapper/results_34/HAR1A_GCF_013052645.1_Mhudiblu_PPA_v0_genomic_k34_kmer_locations.summary.tsv	MhudibluPPAv0
HAR1A-203	ENST00000806887.1	35	843	463	0.549229	843	463	0.549229	463	kmer_results/multi_exact_mapper/results_35/HAR1A_GCF_013052645.1_Mhudiblu_PPA_v0_genomic_k35_kmer_locations.summary.tsv	MhudibluPPAv0
HAR1A-203	ENST00000806887.1	36	842	455	0.54038	842	455	0.54038	455	kmer_results/multi_exact_mapper/results_36/HAR1A_GCF_013052645.1_Mhudiblu_PPA_v0_genomic_k36_kmer_locations.summary.tsv	MhudibluPPAv0
HAR1A-203	ENST00000806887.1	37	841	447	0.53151	841	447	0.53151	447	kmer_results/multi_exact_mapper/results_37/HAR1A_GCF_013052645.1_Mhudiblu_PPA_v0_genomic_k37_kmer_locations.summary.tsv	MhudibluPPAv0
HAR1A-203	ENST00000806887.1	38	840	439	0.522619	840	439	0.522619	439	kmer_results/multi_exact_mapper/results_38/HAR1A_GCF_013052645.1_Mhudiblu_PPA_v0_genomic_k38_kmer_locations.summary.tsv	MhudibluPPAv0
HAR1A-203	ENST00000806887.1	39	839	431	0.513707	839	431	0.513707	431	kmer_results/multi_exact_mapper/results_39/HAR1A_GCF_013052645.1_Mhudiblu_PPA_v0_genomic_k39_kmer_locations.summary.tsv	MhudibluPPAv0
HAR1A-203	ENST00000806887.1	40	838	423	0.504773	838	423	0.504773	423	kmer_results/multi_exact_mapper/results_40/HAR1A_GCF_013052645.1_Mhudiblu_PPA_v0_genomic_k40_kmer_locations.summary.tsv	MhudibluPPAv0
HAR1A-201	ENST00000433161.2	33	1885	170	0.0901857	1885	170	0.0901857	170	kmer_results/multi_exact_mapper/results_33/HAR1A_GCF_003339765.1_Mmul_10_genomic_k33_kmer_locations.summary.tsv	Mmul10
HAR1A-201	ENST00000433161.2	34	1884	164	0.0870488	1884	164	0.0870488	164	kmer_results/multi_exact_mapper/results_34/HAR1A_GCF_003339765.1_Mmul_10_genomic_k34_kmer_locations.summary.tsv	Mmul10
HAR1A-201	ENST00000433161.2	35	1883	158	0.0839087	1883	158	0.0839087	158	kmer_results/multi_exact_mapper/results_35/HAR1A_GCF_003339765.1_Mmul_10_genomic_k35_kmer_locations.summary.tsv	Mmul10
HAR1A-201	ENST00000433161.2	36	1882	152	0.0807651	1882	152	0.0807651	152	kmer_results/multi_exact_mapper/results_36/HAR1A_GCF_003339765.1_Mmul_10_genomic_k36_kmer_locations.summary.tsv	Mmul10
HAR1A-201	ENST00000433161.2	37	1881	146	0.0776183	1881	146	0.0776183	146	kmer_results/multi_exact_mapper/results_37/HAR1A_GCF_003339765.1_Mmul_10_genomic_k37_kmer_locations.summary.tsv	Mmul10
HAR1A-201	ENST00000433161.2	38	1880	140	0.0744681	1880	140	0.0744681	140	kmer_results/multi_exact_mapper/results_38/HAR1A_GCF_003339765.1_Mmul_10_genomic_k38_kmer_locations.summary.tsv	Mmul10
HAR1A-201	ENST00000433161.2	39	1879	135	0.0718467	1879	135	0.0718467	135	kmer_results/multi_exact_mapper/results_39/HAR1A_GCF_003339765.1_Mmul_10_genomic_k39_kmer_locations.summary.tsv	Mmul10
HAR1A-201	ENST00000433161.2	40	1878	131	0.0697551	1878	131	0.0697551	131	kmer_results/multi_exact_mapper/results_40/HAR1A_GCF_003339765.1_Mmul_10_genomic_k40_kmer_locations.summary.tsv	Mmul10
HAR1A-202	ENST00000806886.1	33	926	170	0.183585	926	170	0.183585	170	kmer_results/multi_exact_mapper/results_33/HAR1A_GCF_003339765.1_Mmul_10_genomic_k33_kmer_locations.summary.tsv	Mmul10
HAR1A-202	ENST00000806886.1	34	925	164	0.177297	925	164	0.177297	164	kmer_results/multi_exact_mapper/results_34/HAR1A_GCF_003339765.1_Mmul_10_genomic_k34_kmer_locations.summary.tsv	Mmul10
HAR1A-202	ENST00000806886.1	35	924	158	0.170996	924	158	0.170996	158	kmer_results/multi_exact_mapper/results_35/HAR1A_GCF_003339765.1_Mmul_10_genomic_k35_kmer_locations.summary.tsv	Mmul10
HAR1A-202	ENST00000806886.1	36	923	152	0.16468	923	152	0.16468	152	kmer_results/multi_exact_mapper/results_36/HAR1A_GCF_003339765.1_Mmul_10_genomic_k36_kmer_locations.summary.tsv	Mmul10
HAR1A-202	ENST00000806886.1	37	922	146	0.158351	922	146	0.158351	146	kmer_results/multi_exact_mapper/results_37/HAR1A_GCF_003339765.1_Mmul_10_genomic_k37_kmer_locations.summary.tsv	Mmul10
HAR1A-202	ENST00000806886.1	38	921	140	0.152009	921	140	0.152009	140	kmer_results/multi_exact_mapper/results_38/HAR1A_GCF_003339765.1_Mmul_10_genomic_k38_kmer_locations.summary.tsv	Mmul10
HAR1A-202	ENST00000806886.1	39	920	135	0.146739	920	135	0.146739	135	kmer_results/multi_exact_mapper/results_39/HAR1A_GCF_003339765.1_Mmul_10_genomic_k39_kmer_locations.summary.tsv	Mmul10
HAR1A-202	ENST00000806886.1	40	919	131	0.142546	919	131	0.142546	131	kmer_results/multi_exact_mapper/results_40/HAR1A_GCF_003339765.1_Mmul_10_genomic_k40_kmer_locations.summary.tsv	Mmul10
HAR1A-203	ENST00000806887.1	33	845	164	0.194083	845	164	0.194083	164	kmer_results/multi_exact_mapper/results_33/HAR1A_GCF_003339765.1_Mmul_10_genomic_k33_kmer_locations.summary.tsv	Mmul10
HAR1A-203	ENST00000806887.1	34	844	159	0.188389	844	159	0.188389	159	kmer_results/multi_exact_mapper/results_34/HAR1A_GCF_003339765.1_Mmul_10_genomic_k34_kmer_locations.summary.tsv	Mmul10
HAR1A-203	ENST00000806887.1	35	843	154	0.182681	843	154	0.182681	154	kmer_results/multi_exact_mapper/results_35/HAR1A_GCF_003339765.1_Mmul_10_genomic_k35_kmer_locations.summary.tsv	Mmul10
HAR1A-203	ENST00000806887.1	36	842	149	0.17696	842	149	0.17696	149	kmer_results/multi_exact_mapper/results_36/HAR1A_GCF_003339765.1_Mmul_10_genomic_k36_kmer_locations.summary.tsv	Mmul10
HAR1A-203	ENST00000806887.1	37	841	144	0.171225	841	144	0.171225	144	kmer_results/multi_exact_mapper/results_37/HAR1A_GCF_003339765.1_Mmul_10_genomic_k37_kmer_locations.summary.tsv	Mmul10
HAR1A-203	ENST00000806887.1	38	840	139	0.165476	840	139	0.165476	139	kmer_results/multi_exact_mapper/results_38/HAR1A_GCF_003339765.1_Mmul_10_genomic_k38_kmer_locations.summary.tsv	Mmul10
HAR1A-203	ENST00000806887.1	39	839	135	0.160906	839	135	0.160906	135	kmer_results/multi_exact_mapper/results_39/HAR1A_GCF_003339765.1_Mmul_10_genomic_k39_kmer_locations.summary.tsv	Mmul10
HAR1A-203	ENST00000806887.1	40	838	131	0.156325	838	131	0.156325	131	kmer_results/multi_exact_mapper/results_40/HAR1A_GCF_003339765.1_Mmul_10_genomic_k40_kmer_locations.summary.tsv	Mmul10
HAR1A-201	ENST00000433161.2	33	1885	165	0.0875332	1885	165	0.0875332	165	kmer_results/multi_exact_mapper/results_33/HAR1A_GCF_049350105.2_T2T-MMU8v2.0_genomic_k33_kmer_locations.summary.tsv	T2TMMU8v20
HAR1A-201	ENST00000433161.2	34	1884	160	0.0849257	1884	160	0.0849257	160	kmer_results/multi_exact_mapper/results_34/HAR1A_GCF_049350105.2_T2T-MMU8v2.0_genomic_k34_kmer_locations.summary.tsv	T2TMMU8v20
HAR1A-201	ENST00000433161.2	35	1883	155	0.0823155	1883	155	0.0823155	155	kmer_results/multi_exact_mapper/results_35/HAR1A_GCF_049350105.2_T2T-MMU8v2.0_genomic_k35_kmer_locations.summary.tsv	T2TMMU8v20
HAR1A-201	ENST00000433161.2	36	1882	150	0.0797024	1882	150	0.0797024	150	kmer_results/multi_exact_mapper/results_36/HAR1A_GCF_049350105.2_T2T-MMU8v2.0_genomic_k36_kmer_locations.summary.tsv	T2TMMU8v20
HAR1A-201	ENST00000433161.2	37	1881	145	0.0770867	1881	145	0.0770867	145	kmer_results/multi_exact_mapper/results_37/HAR1A_GCF_049350105.2_T2T-MMU8v2.0_genomic_k37_kmer_locations.summary.tsv	T2TMMU8v20
HAR1A-201	ENST00000433161.2	38	1880	140	0.0744681	1880	140	0.0744681	140	kmer_results/multi_exact_mapper/results_38/HAR1A_GCF_049350105.2_T2T-MMU8v2.0_genomic_k38_kmer_locations.summary.tsv	T2TMMU8v20
HAR1A-201	ENST00000433161.2	39	1879	135	0.0718467	1879	135	0.0718467	135	kmer_results/multi_exact_mapper/results_39/HAR1A_GCF_049350105.2_T2T-MMU8v2.0_genomic_k39_kmer_locations.summary.tsv	T2TMMU8v20
HAR1A-201	ENST00000433161.2	40	1878	131	0.0697551	1878	131	0.0697551	131	kmer_results/multi_exact_mapper/results_40/HAR1A_GCF_049350105.2_T2T-MMU8v2.0_genomic_k40_kmer_locations.summary.tsv	T2TMMU8v20
HAR1A-202	ENST00000806886.1	33	926	165	0.178186	926	165	0.178186	165	kmer_results/multi_exact_mapper/results_33/HAR1A_GCF_049350105.2_T2T-MMU8v2.0_genomic_k33_kmer_locations.summary.tsv	T2TMMU8v20
HAR1A-202	ENST00000806886.1	34	925	160	0.172973	925	160	0.172973	160	kmer_results/multi_exact_mapper/results_34/HAR1A_GCF_049350105.2_T2T-MMU8v2.0_genomic_k34_kmer_locations.summary.tsv	T2TMMU8v20
HAR1A-202	ENST00000806886.1	35	924	155	0.167749	924	155	0.167749	155	kmer_results/multi_exact_mapper/results_35/HAR1A_GCF_049350105.2_T2T-MMU8v2.0_genomic_k35_kmer_locations.summary.tsv	T2TMMU8v20
HAR1A-202	ENST00000806886.1	36	923	150	0.162514	923	150	0.162514	150	kmer_results/multi_exact_mapper/results_36/HAR1A_GCF_049350105.2_T2T-MMU8v2.0_genomic_k36_kmer_locations.summary.tsv	T2TMMU8v20
HAR1A-202	ENST00000806886.1	37	922	145	0.157267	922	145	0.157267	145	kmer_results/multi_exact_mapper/results_37/HAR1A_GCF_049350105.2_T2T-MMU8v2.0_genomic_k37_kmer_locations.summary.tsv	T2TMMU8v20
HAR1A-202	ENST00000806886.1	38	921	140	0.152009	921	140	0.152009	140	kmer_results/multi_exact_mapper/results_38/HAR1A_GCF_049350105.2_T2T-MMU8v2.0_genomic_k38_kmer_locations.summary.tsv	T2TMMU8v20
HAR1A-202	ENST00000806886.1	39	920	135	0.146739	920	135	0.146739	135	kmer_results/multi_exact_mapper/results_39/HAR1A_GCF_049350105.2_T2T-MMU8v2.0_genomic_k39_kmer_locations.summary.tsv	T2TMMU8v20
HAR1A-202	ENST00000806886.1	40	919	131	0.142546	919	131	0.142546	131	kmer_results/multi_exact_mapper/results_40/HAR1A_GCF_049350105.2_T2T-MMU8v2.0_genomic_k40_kmer_locations.summary.tsv	T2TMMU8v20
HAR1A-203	ENST00000806887.1	33	845	159	0.188166	845	159	0.188166	159	kmer_results/multi_exact_mapper/results_33/HAR1A_GCF_049350105.2_T2T-MMU8v2.0_genomic_k33_kmer_locations.summary.tsv	T2TMMU8v20
HAR1A-203	ENST00000806887.1	34	844	155	0.183649	844	155	0.183649	155	kmer_results/multi_exact_mapper/results_34/HAR1A_GCF_049350105.2_T2T-MMU8v2.0_genomic_k34_kmer_locations.summary.tsv	T2TMMU8v20
HAR1A-203	ENST00000806887.1	35	843	151	0.179122	843	151	0.179122	151	kmer_results/multi_exact_mapper/results_35/HAR1A_GCF_049350105.2_T2T-MMU8v2.0_genomic_k35_kmer_locations.summary.tsv	T2TMMU8v20
HAR1A-203	ENST00000806887.1	36	842	147	0.174584	842	147	0.174584	147	kmer_results/multi_exact_mapper/results_36/HAR1A_GCF_049350105.2_T2T-MMU8v2.0_genomic_k36_kmer_locations.summary.tsv	T2TMMU8v20
HAR1A-203	ENST00000806887.1	37	841	143	0.170036	841	143	0.170036	143	kmer_results/multi_exact_mapper/results_37/HAR1A_GCF_049350105.2_T2T-MMU8v2.0_genomic_k37_kmer_locations.summary.tsv	T2TMMU8v20
HAR1A-203	ENST00000806887.1	38	840	139	0.165476	840	139	0.165476	139	kmer_results/multi_exact_mapper/results_38/HAR1A_GCF_049350105.2_T2T-MMU8v2.0_genomic_k38_kmer_locations.summary.tsv	T2TMMU8v20
HAR1A-203	ENST00000806887.1	39	839	135	0.160906	839	135	0.160906	135	kmer_results/multi_exact_mapper/results_39/HAR1A_GCF_049350105.2_T2T-MMU8v2.0_genomic_k39_kmer_locations.summary.tsv	T2TMMU8v20
HAR1A-203	ENST00000806887.1	40	838	131	0.156325	838	131	0.156325	131	kmer_results/multi_exact_mapper/results_40/HAR1A_GCF_049350105.2_T2T-MMU8v2.0_genomic_k40_kmer_locations.summary.tsv	T2TMMU8v20
HAR1A-201	ENST00000433161.2	33	1885	652	0.345889	1885	652	0.345889	652	kmer_results/multi_exact_mapper/results_33/HAR1A_GCF_029289425.2_NHGRI_mPanPan1-v2.0_pri_genomic_k33_kmer_locations.summary.tsv	mPanPan1v20pri
HAR1A-201	ENST00000433161.2	34	1884	637	0.33811	1884	637	0.33811	637	kmer_results/multi_exact_mapper/results_34/HAR1A_GCF_029289425.2_NHGRI_mPanPan1-v2.0_pri_genomic_k34_kmer_locations.summary.tsv	mPanPan1v20pri
HAR1A-201	ENST00000433161.2	35	1883	623	0.330855	1883	623	0.330855	623	kmer_results/multi_exact_mapper/results_35/HAR1A_GCF_029289425.2_NHGRI_mPanPan1-v2.0_pri_genomic_k35_kmer_locations.summary.tsv	mPanPan1v20pri
HAR1A-201	ENST00000433161.2	36	1882	609	0.323592	1882	609	0.323592	609	kmer_results/multi_exact_mapper/results_36/HAR1A_GCF_029289425.2_NHGRI_mPanPan1-v2.0_pri_genomic_k36_kmer_locations.summary.tsv	mPanPan1v20pri
HAR1A-201	ENST00000433161.2	37	1881	596	0.316853	1881	596	0.316853	596	kmer_results/multi_exact_mapper/results_37/HAR1A_GCF_029289425.2_NHGRI_mPanPan1-v2.0_pri_genomic_k37_kmer_locations.summary.tsv	mPanPan1v20pri
HAR1A-201	ENST00000433161.2	38	1880	584	0.310638	1880	584	0.310638	584	kmer_results/multi_exact_mapper/results_38/HAR1A_GCF_029289425.2_NHGRI_mPanPan1-v2.0_pri_genomic_k38_kmer_locations.summary.tsv	mPanPan1v20pri
HAR1A-201	ENST00000433161.2	39	1879	573	0.304949	1879	573	0.304949	573	kmer_results/multi_exact_mapper/results_39/HAR1A_GCF_029289425.2_NHGRI_mPanPan1-v2.0_pri_genomic_k39_kmer_locations.summary.tsv	mPanPan1v20pri
HAR1A-201	ENST00000433161.2	40	1878	562	0.299255	1878	562	0.299255	562	kmer_results/multi_exact_mapper/results_40/HAR1A_GCF_029289425.2_NHGRI_mPanPan1-v2.0_pri_genomic_k40_kmer_locations.summary.tsv	mPanPan1v20pri
HAR1A-202	ENST00000806886.1	33	926	507	0.547516	926	507	0.547516	507	kmer_results/multi_exact_mapper/results_33/HAR1A_GCF_029289425.2_NHGRI_mPanPan1-v2.0_pri_genomic_k33_kmer_locations.summary.tsv	mPanPan1v20pri
HAR1A-202	ENST00000806886.1	34	925	497	0.537297	925	497	0.537297	497	kmer_results/multi_exact_mapper/results_34/HAR1A_GCF_029289425.2_NHGRI_mPanPan1-v2.0_pri_genomic_k34_kmer_locations.summary.tsv	mPanPan1v20pri
HAR1A-202	ENST00000806886.1	35	924	488	0.528139	924	488	0.528139	488	kmer_results/multi_exact_mapper/results_35/HAR1A_GCF_029289425.2_NHGRI_mPanPan1-v2.0_pri_genomic_k35_kmer_locations.summary.tsv	mPanPan1v20pri
HAR1A-202	ENST00000806886.1	36	923	479	0.51896	923	479	0.51896	479	kmer_results/multi_exact_mapper/results_36/HAR1A_GCF_029289425.2_NHGRI_mPanPan1-v2.0_pri_genomic_k36_kmer_locations.summary.tsv	mPanPan1v20pri
HAR1A-202	ENST00000806886.1	37	922	470	0.509761	922	470	0.509761	470	kmer_results/multi_exact_mapper/results_37/HAR1A_GCF_029289425.2_NHGRI_mPanPan1-v2.0_pri_genomic_k37_kmer_locations.summary.tsv	mPanPan1v20pri
HAR1A-202	ENST00000806886.1	38	921	461	0.500543	921	461	0.500543	461	kmer_results/multi_exact_mapper/results_38/HAR1A_GCF_029289425.2_NHGRI_mPanPan1-v2.0_pri_genomic_k38_kmer_locations.summary.tsv	mPanPan1v20pri
HAR1A-202	ENST00000806886.1	39	920	453	0.492391	920	453	0.492391	453	kmer_results/multi_exact_mapper/results_39/HAR1A_GCF_029289425.2_NHGRI_mPanPan1-v2.0_pri_genomic_k39_kmer_locations.summary.tsv	mPanPan1v20pri
HAR1A-202	ENST00000806886.1	40	919	445	0.484222	919	445	0.484222	445	kmer_results/multi_exact_mapper/results_40/HAR1A_GCF_029289425.2_NHGRI_mPanPan1-v2.0_pri_genomic_k40_kmer_locations.summary.tsv	mPanPan1v20pri
HAR1A-203	ENST00000806887.1	33	845	503	0.595266	845	503	0.595266	503	kmer_results/multi_exact_mapper/results_33/HAR1A_GCF_029289425.2_NHGRI_mPanPan1-v2.0_pri_genomic_k33_kmer_locations.summary.tsv	mPanPan1v20pri
HAR1A-203	ENST00000806887.1	34	844	495	0.586493	844	495	0.586493	495	kmer_results/multi_exact_mapper/results_34/HAR1A_GCF_029289425.2_NHGRI_mPanPan1-v2.0_pri_genomic_k34_kmer_locations.summary.tsv	mPanPan1v20pri
HAR1A-203	ENST00000806887.1	35	843	487	0.577699	843	487	0.577699	487	kmer_results/multi_exact_mapper/results_35/HAR1A_GCF_029289425.2_NHGRI_mPanPan1-v2.0_pri_genomic_k35_kmer_locations.summary.tsv	mPanPan1v20pri
HAR1A-203	ENST00000806887.1	36	842	479	0.568884	842	479	0.568884	479	kmer_results/multi_exact_mapper/results_36/HAR1A_GCF_029289425.2_NHGRI_mPanPan1-v2.0_pri_genomic_k36_kmer_locations.summary.tsv	mPanPan1v20pri
HAR1A-203	ENST00000806887.1	37	841	471	0.560048	841	471	0.560048	471	kmer_results/multi_exact_mapper/results_37/HAR1A_GCF_029289425.2_NHGRI_mPanPan1-v2.0_pri_genomic_k37_kmer_locations.summary.tsv	mPanPan1v20pri
HAR1A-203	ENST00000806887.1	38	840	463	0.55119	840	463	0.55119	463	kmer_results/multi_exact_mapper/results_38/HAR1A_GCF_029289425.2_NHGRI_mPanPan1-v2.0_pri_genomic_k38_kmer_locations.summary.tsv	mPanPan1v20pri
HAR1A-203	ENST00000806887.1	39	839	455	0.542312	839	455	0.542312	455	kmer_results/multi_exact_mapper/results_39/HAR1A_GCF_029289425.2_NHGRI_mPanPan1-v2.0_pri_genomic_k39_kmer_locations.summary.tsv	mPanPan1v20pri
HAR1A-203	ENST00000806887.1	40	838	447	0.533413	838	447	0.533413	447	kmer_results/multi_exact_mapper/results_40/HAR1A_GCF_029289425.2_NHGRI_mPanPan1-v2.0_pri_genomic_k40_kmer_locations.summary.tsv	mPanPan1v20pri
HAR1A-201	ENST00000433161.2	33	1885	735	0.38992	1885	735	0.38992	735	kmer_results/multi_exact_mapper/results_33/HAR1A_GCF_028858775.2_NHGRI_mPanTro3-v2.0_pri_genomic_k33_kmer_locations.summary.tsv	mPanTro3v20pri
HAR1A-201	ENST00000433161.2	34	1884	719	0.381635	1884	719	0.381635	719	kmer_results/multi_exact_mapper/results_34/HAR1A_GCF_028858775.2_NHGRI_mPanTro3-v2.0_pri_genomic_k34_kmer_locations.summary.tsv	mPanTro3v20pri
HAR1A-201	ENST00000433161.2	35	1883	704	0.373871	1883	704	0.373871	704	kmer_results/multi_exact_mapper/results_35/HAR1A_GCF_028858775.2_NHGRI_mPanTro3-v2.0_pri_genomic_k35_kmer_locations.summary.tsv	mPanTro3v20pri
HAR1A-201	ENST00000433161.2	36	1882	689	0.3661	1882	689	0.3661	689	kmer_results/multi_exact_mapper/results_36/HAR1A_GCF_028858775.2_NHGRI_mPanTro3-v2.0_pri_genomic_k36_kmer_locations.summary.tsv	mPanTro3v20pri
HAR1A-201	ENST00000433161.2	37	1881	675	0.358852	1881	675	0.358852	675	kmer_results/multi_exact_mapper/results_37/HAR1A_GCF_028858775.2_NHGRI_mPanTro3-v2.0_pri_genomic_k37_kmer_locations.summary.tsv	mPanTro3v20pri
HAR1A-201	ENST00000433161.2	38	1880	662	0.352128	1880	662	0.352128	662	kmer_results/multi_exact_mapper/results_38/HAR1A_GCF_028858775.2_NHGRI_mPanTro3-v2.0_pri_genomic_k38_kmer_locations.summary.tsv	mPanTro3v20pri
HAR1A-201	ENST00000433161.2	39	1879	650	0.345929	1879	650	0.345929	650	kmer_results/multi_exact_mapper/results_39/HAR1A_GCF_028858775.2_NHGRI_mPanTro3-v2.0_pri_genomic_k39_kmer_locations.summary.tsv	mPanTro3v20pri
HAR1A-201	ENST00000433161.2	40	1878	638	0.339723	1878	638	0.339723	638	kmer_results/multi_exact_mapper/results_40/HAR1A_GCF_028858775.2_NHGRI_mPanTro3-v2.0_pri_genomic_k40_kmer_locations.summary.tsv	mPanTro3v20pri
HAR1A-202	ENST00000806886.1	33	926	555	0.599352	926	555	0.599352	555	kmer_results/multi_exact_mapper/results_33/HAR1A_GCF_028858775.2_NHGRI_mPanTro3-v2.0_pri_genomic_k33_kmer_locations.summary.tsv	mPanTro3v20pri
HAR1A-202	ENST00000806886.1	34	925	544	0.588108	925	544	0.588108	544	kmer_results/multi_exact_mapper/results_34/HAR1A_GCF_028858775.2_NHGRI_mPanTro3-v2.0_pri_genomic_k34_kmer_locations.summary.tsv	mPanTro3v20pri
HAR1A-202	ENST00000806886.1	35	924	534	0.577922	924	534	0.577922	534	kmer_results/multi_exact_mapper/results_35/HAR1A_GCF_028858775.2_NHGRI_mPanTro3-v2.0_pri_genomic_k35_kmer_locations.summary.tsv	mPanTro3v20pri
HAR1A-202	ENST00000806886.1	36	923	524	0.567714	923	524	0.567714	524	kmer_results/multi_exact_mapper/results_36/HAR1A_GCF_028858775.2_NHGRI_mPanTro3-v2.0_pri_genomic_k36_kmer_locations.summary.tsv	mPanTro3v20pri
HAR1A-202	ENST00000806886.1	37	922	514	0.557484	922	514	0.557484	514	kmer_results/multi_exact_mapper/results_37/HAR1A_GCF_028858775.2_NHGRI_mPanTro3-v2.0_pri_genomic_k37_kmer_locations.summary.tsv	mPanTro3v20pri
HAR1A-202	ENST00000806886.1	38	921	504	0.547231	921	504	0.547231	504	kmer_results/multi_exact_mapper/results_38/HAR1A_GCF_028858775.2_NHGRI_mPanTro3-v2.0_pri_genomic_k38_kmer_locations.summary.tsv	mPanTro3v20pri
HAR1A-202	ENST00000806886.1	39	920	495	0.538043	920	495	0.538043	495	kmer_results/multi_exact_mapper/results_39/HAR1A_GCF_028858775.2_NHGRI_mPanTro3-v2.0_pri_genomic_k39_kmer_locations.summary.tsv	mPanTro3v20pri
HAR1A-202	ENST00000806886.1	40	919	486	0.528836	919	486	0.528836	486	kmer_results/multi_exact_mapper/results_40/HAR1A_GCF_028858775.2_NHGRI_mPanTro3-v2.0_pri_genomic_k40_kmer_locations.summary.tsv	mPanTro3v20pri
HAR1A-203	ENST00000806887.1	33	845	576	0.681657	845	576	0.681657	576	kmer_results/multi_exact_mapper/results_33/HAR1A_GCF_028858775.2_NHGRI_mPanTro3-v2.0_pri_genomic_k33_kmer_locations.summary.tsv	mPanTro3v20pri
HAR1A-203	ENST00000806887.1	34	844	567	0.671801	844	567	0.671801	567	kmer_results/multi_exact_mapper/results_34/HAR1A_GCF_028858775.2_NHGRI_mPanTro3-v2.0_pri_genomic_k34_kmer_locations.summary.tsv	mPanTro3v20pri
HAR1A-203	ENST00000806887.1	35	843	558	0.661922	843	558	0.661922	558	kmer_results/multi_exact_mapper/results_35/HAR1A_GCF_028858775.2_NHGRI_mPanTro3-v2.0_pri_genomic_k35_kmer_locations.summary.tsv	mPanTro3v20pri
HAR1A-203	ENST00000806887.1	36	842	549	0.652019	842	549	0.652019	549	kmer_results/multi_exact_mapper/results_36/HAR1A_GCF_028858775.2_NHGRI_mPanTro3-v2.0_pri_genomic_k36_kmer_locations.summary.tsv	mPanTro3v20pri
HAR1A-203	ENST00000806887.1	37	841	540	0.642093	841	540	0.642093	540	kmer_results/multi_exact_mapper/results_37/HAR1A_GCF_028858775.2_NHGRI_mPanTro3-v2.0_pri_genomic_k37_kmer_locations.summary.tsv	mPanTro3v20pri
HAR1A-203	ENST00000806887.1	38	840	531	0.632143	840	531	0.632143	531	kmer_results/multi_exact_mapper/results_38/HAR1A_GCF_028858775.2_NHGRI_mPanTro3-v2.0_pri_genomic_k38_kmer_locations.summary.tsv	mPanTro3v20pri
HAR1A-203	ENST00000806887.1	39	839	522	0.622169	839	522	0.622169	522	kmer_results/multi_exact_mapper/results_39/HAR1A_GCF_028858775.2_NHGRI_mPanTro3-v2.0_pri_genomic_k39_kmer_locations.summary.tsv	mPanTro3v20pri
HAR1A-203	ENST00000806887.1	40	838	513	0.612172	838	513	0.612172	513	kmer_results/multi_exact_mapper/results_40/HAR1A_GCF_028858775.2_NHGRI_mPanTro3-v2.0_pri_genomic_k40_kmer_locations.summary.tsv	mPanTro3v20pri
HAR1A-201	ENST00000433161.2	33	1885	1669	0.885411	1885	1669	0.885411	1669	kmer_results/multi_exact_mapper/results_33/HAR1A_GCA_018503275.2_NA19240_mat_hprc_f2_genomic_k33_kmer_locations.summary.tsv	matHPRCF2
HAR1A-201	ENST00000433161.2	34	1884	1662	0.882166	1884	1662	0.882166	1662	kmer_results/multi_exact_mapper/results_34/HAR1A_GCA_018503275.2_NA19240_mat_hprc_f2_genomic_k34_kmer_locations.summary.tsv	matHPRCF2
HAR1A-201	ENST00000433161.2	35	1883	1655	0.878917	1883	1655	0.878917	1655	kmer_results/multi_exact_mapper/results_35/HAR1A_GCA_018503275.2_NA19240_mat_hprc_f2_genomic_k35_kmer_locations.summary.tsv	matHPRCF2
HAR1A-201	ENST00000433161.2	36	1882	1648	0.875664	1882	1648	0.875664	1648	kmer_results/multi_exact_mapper/results_36/HAR1A_GCA_018503275.2_NA19240_mat_hprc_f2_genomic_k36_kmer_locations.summary.tsv	matHPRCF2
HAR1A-201	ENST00000433161.2	37	1881	1641	0.872408	1881	1641	0.872408	1641	kmer_results/multi_exact_mapper/results_37/HAR1A_GCA_018503275.2_NA19240_mat_hprc_f2_genomic_k37_kmer_locations.summary.tsv	matHPRCF2
HAR1A-201	ENST00000433161.2	38	1880	1634	0.869149	1880	1634	0.869149	1634	kmer_results/multi_exact_mapper/results_38/HAR1A_GCA_018503275.2_NA19240_mat_hprc_f2_genomic_k38_kmer_locations.summary.tsv	matHPRCF2
HAR1A-201	ENST00000433161.2	39	1879	1627	0.865886	1879	1627	0.865886	1627	kmer_results/multi_exact_mapper/results_39/HAR1A_GCA_018503275.2_NA19240_mat_hprc_f2_genomic_k39_kmer_locations.summary.tsv	matHPRCF2
HAR1A-201	ENST00000433161.2	40	1878	1620	0.86262	1878	1620	0.86262	1620	kmer_results/multi_exact_mapper/results_40/HAR1A_GCA_018503275.2_NA19240_mat_hprc_f2_genomic_k40_kmer_locations.summary.tsv	matHPRCF2
HAR1A-202	ENST00000806886.1	33	926	865	0.934125	926	865	0.934125	865	kmer_results/multi_exact_mapper/results_33/HAR1A_GCA_018503275.2_NA19240_mat_hprc_f2_genomic_k33_kmer_locations.summary.tsv	matHPRCF2
HAR1A-202	ENST00000806886.1	34	925	862	0.931892	925	862	0.931892	862	kmer_results/multi_exact_mapper/results_34/HAR1A_GCA_018503275.2_NA19240_mat_hprc_f2_genomic_k34_kmer_locations.summary.tsv	matHPRCF2
HAR1A-202	ENST00000806886.1	35	924	859	0.929654	924	859	0.929654	859	kmer_results/multi_exact_mapper/results_35/HAR1A_GCA_018503275.2_NA19240_mat_hprc_f2_genomic_k35_kmer_locations.summary.tsv	matHPRCF2
HAR1A-202	ENST00000806886.1	36	923	856	0.927411	923	856	0.927411	856	kmer_results/multi_exact_mapper/results_36/HAR1A_GCA_018503275.2_NA19240_mat_hprc_f2_genomic_k36_kmer_locations.summary.tsv	matHPRCF2
HAR1A-202	ENST00000806886.1	37	922	853	0.925163	922	853	0.925163	853	kmer_results/multi_exact_mapper/results_37/HAR1A_GCA_018503275.2_NA19240_mat_hprc_f2_genomic_k37_kmer_locations.summary.tsv	matHPRCF2
HAR1A-202	ENST00000806886.1	38	921	850	0.92291	921	850	0.92291	850	kmer_results/multi_exact_mapper/results_38/HAR1A_GCA_018503275.2_NA19240_mat_hprc_f2_genomic_k38_kmer_locations.summary.tsv	matHPRCF2
HAR1A-202	ENST00000806886.1	39	920	847	0.920652	920	847	0.920652	847	kmer_results/multi_exact_mapper/results_39/HAR1A_GCA_018503275.2_NA19240_mat_hprc_f2_genomic_k39_kmer_locations.summary.tsv	matHPRCF2
HAR1A-202	ENST00000806886.1	40	919	844	0.91839	919	844	0.91839	844	kmer_results/multi_exact_mapper/results_40/HAR1A_GCA_018503275.2_NA19240_mat_hprc_f2_genomic_k40_kmer_locations.summary.tsv	matHPRCF2
HAR1A-203	ENST00000806887.1	33	845	780	0.923077	845	780	0.923077	780	kmer_results/multi_exact_mapper/results_33/HAR1A_GCA_018503275.2_NA19240_mat_hprc_f2_genomic_k33_kmer_locations.summary.tsv	matHPRCF2
HAR1A-203	ENST00000806887.1	34	844	777	0.920616	844	777	0.920616	777	kmer_results/multi_exact_mapper/results_34/HAR1A_GCA_018503275.2_NA19240_mat_hprc_f2_genomic_k34_kmer_locations.summary.tsv	matHPRCF2
HAR1A-203	ENST00000806887.1	35	843	774	0.918149	843	774	0.918149	774	kmer_results/multi_exact_mapper/results_35/HAR1A_GCA_018503275.2_NA19240_mat_hprc_f2_genomic_k35_kmer_locations.summary.tsv	matHPRCF2
HAR1A-203	ENST00000806887.1	36	842	771	0.915677	842	771	0.915677	771	kmer_results/multi_exact_mapper/results_36/HAR1A_GCA_018503275.2_NA19240_mat_hprc_f2_genomic_k36_kmer_locations.summary.tsv	matHPRCF2
HAR1A-203	ENST00000806887.1	37	841	768	0.913199	841	768	0.913199	768	kmer_results/multi_exact_mapper/results_37/HAR1A_GCA_018503275.2_NA19240_mat_hprc_f2_genomic_k37_kmer_locations.summary.tsv	matHPRCF2
HAR1A-203	ENST00000806887.1	38	840	765	0.910714	840	765	0.910714	765	kmer_results/multi_exact_mapper/results_38/HAR1A_GCA_018503275.2_NA19240_mat_hprc_f2_genomic_k38_kmer_locations.summary.tsv	matHPRCF2
HAR1A-203	ENST00000806887.1	39	839	762	0.908224	839	762	0.908224	762	kmer_results/multi_exact_mapper/results_39/HAR1A_GCA_018503275.2_NA19240_mat_hprc_f2_genomic_k39_kmer_locations.summary.tsv	matHPRCF2
HAR1A-203	ENST00000806887.1	40	838	759	0.905728	838	759	0.905728	759	kmer_results/multi_exact_mapper/results_40/HAR1A_GCA_018503275.2_NA19240_mat_hprc_f2_genomic_k40_kmer_locations.summary.tsv	matHPRCF2
HAR1A-201	ENST00000433161.2	33	1885	647	0.343236	1885	647	0.343236	647	kmer_results/multi_exact_mapper/results_33/HAR1A_GCF_000258655.2_panpan1.1_genomic_k33_kmer_locations.summary.tsv	panpan11
HAR1A-201	ENST00000433161.2	34	1884	632	0.335456	1884	632	0.335456	632	kmer_results/multi_exact_mapper/results_34/HAR1A_GCF_000258655.2_panpan1.1_genomic_k34_kmer_locations.summary.tsv	panpan11
HAR1A-201	ENST00000433161.2	35	1883	618	0.3282	1883	618	0.3282	618	kmer_results/multi_exact_mapper/results_35/HAR1A_GCF_000258655.2_panpan1.1_genomic_k35_kmer_locations.summary.tsv	panpan11
HAR1A-201	ENST00000433161.2	36	1882	604	0.320935	1882	604	0.320935	604	kmer_results/multi_exact_mapper/results_36/HAR1A_GCF_000258655.2_panpan1.1_genomic_k36_kmer_locations.summary.tsv	panpan11
HAR1A-201	ENST00000433161.2	37	1881	591	0.314195	1881	591	0.314195	591	kmer_results/multi_exact_mapper/results_37/HAR1A_GCF_000258655.2_panpan1.1_genomic_k37_kmer_locations.summary.tsv	panpan11
HAR1A-201	ENST00000433161.2	38	1880	579	0.307979	1880	579	0.307979	579	kmer_results/multi_exact_mapper/results_38/HAR1A_GCF_000258655.2_panpan1.1_genomic_k38_kmer_locations.summary.tsv	panpan11
HAR1A-201	ENST00000433161.2	39	1879	568	0.302288	1879	568	0.302288	568	kmer_results/multi_exact_mapper/results_39/HAR1A_GCF_000258655.2_panpan1.1_genomic_k39_kmer_locations.summary.tsv	panpan11
HAR1A-201	ENST00000433161.2	40	1878	557	0.296592	1878	557	0.296592	557	kmer_results/multi_exact_mapper/results_40/HAR1A_GCF_000258655.2_panpan1.1_genomic_k40_kmer_locations.summary.tsv	panpan11
HAR1A-202	ENST00000806886.1	33	926	507	0.547516	926	507	0.547516	507	kmer_results/multi_exact_mapper/results_33/HAR1A_GCF_000258655.2_panpan1.1_genomic_k33_kmer_locations.summary.tsv	panpan11
HAR1A-202	ENST00000806886.1	34	925	497	0.537297	925	497	0.537297	497	kmer_results/multi_exact_mapper/results_34/HAR1A_GCF_000258655.2_panpan1.1_genomic_k34_kmer_locations.summary.tsv	panpan11
HAR1A-202	ENST00000806886.1	35	924	488	0.528139	924	488	0.528139	488	kmer_results/multi_exact_mapper/results_35/HAR1A_GCF_000258655.2_panpan1.1_genomic_k35_kmer_locations.summary.tsv	panpan11
HAR1A-202	ENST00000806886.1	36	923	479	0.51896	923	479	0.51896	479	kmer_results/multi_exact_mapper/results_36/HAR1A_GCF_000258655.2_panpan1.1_genomic_k36_kmer_locations.summary.tsv	panpan11
HAR1A-202	ENST00000806886.1	37	922	470	0.509761	922	470	0.509761	470	kmer_results/multi_exact_mapper/results_37/HAR1A_GCF_000258655.2_panpan1.1_genomic_k37_kmer_locations.summary.tsv	panpan11
HAR1A-202	ENST00000806886.1	38	921	461	0.500543	921	461	0.500543	461	kmer_results/multi_exact_mapper/results_38/HAR1A_GCF_000258655.2_panpan1.1_genomic_k38_kmer_locations.summary.tsv	panpan11
HAR1A-202	ENST00000806886.1	39	920	453	0.492391	920	453	0.492391	453	kmer_results/multi_exact_mapper/results_39/HAR1A_GCF_000258655.2_panpan1.1_genomic_k39_kmer_locations.summary.tsv	panpan11
HAR1A-202	ENST00000806886.1	40	919	445	0.484222	919	445	0.484222	445	kmer_results/multi_exact_mapper/results_40/HAR1A_GCF_000258655.2_panpan1.1_genomic_k40_kmer_locations.summary.tsv	panpan11
HAR1A-203	ENST00000806887.1	33	845	503	0.595266	845	503	0.595266	503	kmer_results/multi_exact_mapper/results_33/HAR1A_GCF_000258655.2_panpan1.1_genomic_k33_kmer_locations.summary.tsv	panpan11
HAR1A-203	ENST00000806887.1	34	844	495	0.586493	844	495	0.586493	495	kmer_results/multi_exact_mapper/results_34/HAR1A_GCF_000258655.2_panpan1.1_genomic_k34_kmer_locations.summary.tsv	panpan11
HAR1A-203	ENST00000806887.1	35	843	487	0.577699	843	487	0.577699	487	kmer_results/multi_exact_mapper/results_35/HAR1A_GCF_000258655.2_panpan1.1_genomic_k35_kmer_locations.summary.tsv	panpan11
HAR1A-203	ENST00000806887.1	36	842	479	0.568884	842	479	0.568884	479	kmer_results/multi_exact_mapper/results_36/HAR1A_GCF_000258655.2_panpan1.1_genomic_k36_kmer_locations.summary.tsv	panpan11
HAR1A-203	ENST00000806887.1	37	841	471	0.560048	841	471	0.560048	471	kmer_results/multi_exact_mapper/results_37/HAR1A_GCF_000258655.2_panpan1.1_genomic_k37_kmer_locations.summary.tsv	panpan11
HAR1A-203	ENST00000806887.1	38	840	463	0.55119	840	463	0.55119	463	kmer_results/multi_exact_mapper/results_38/HAR1A_GCF_000258655.2_panpan1.1_genomic_k38_kmer_locations.summary.tsv	panpan11
HAR1A-203	ENST00000806887.1	39	839	455	0.542312	839	455	0.542312	455	kmer_results/multi_exact_mapper/results_39/HAR1A_GCF_000258655.2_panpan1.1_genomic_k39_kmer_locations.summary.tsv	panpan11
HAR1A-203	ENST00000806887.1	40	838	447	0.533413	838	447	0.533413	447	kmer_results/multi_exact_mapper/results_40/HAR1A_GCF_000258655.2_panpan1.1_genomic_k40_kmer_locations.summary.tsv	panpan11
HAR1A-201	ENST00000433161.2	33	1885	1624	0.861538	1885	1624	0.861538	1624	kmer_results/multi_exact_mapper/results_33/HAR1A_GCA_018503265.2_NA19240_pat_hprc_f2_genomic_k33_kmer_locations.summary.tsv	patHPRCf2
HAR1A-201	ENST00000433161.2	34	1884	1615	0.857219	1884	1615	0.857219	1615	kmer_results/multi_exact_mapper/results_34/HAR1A_GCA_018503265.2_NA19240_pat_hprc_f2_genomic_k34_kmer_locations.summary.tsv	patHPRCf2
HAR1A-201	ENST00000433161.2	35	1883	1606	0.852894	1883	1606	0.852894	1606	kmer_results/multi_exact_mapper/results_35/HAR1A_GCA_018503265.2_NA19240_pat_hprc_f2_genomic_k35_kmer_locations.summary.tsv	patHPRCf2
HAR1A-201	ENST00000433161.2	36	1882	1597	0.848565	1882	1597	0.848565	1597	kmer_results/multi_exact_mapper/results_36/HAR1A_GCA_018503265.2_NA19240_pat_hprc_f2_genomic_k36_kmer_locations.summary.tsv	patHPRCf2
HAR1A-201	ENST00000433161.2	37	1881	1588	0.844232	1881	1588	0.844232	1588	kmer_results/multi_exact_mapper/results_37/HAR1A_GCA_018503265.2_NA19240_pat_hprc_f2_genomic_k37_kmer_locations.summary.tsv	patHPRCf2
HAR1A-201	ENST00000433161.2	38	1880	1579	0.839894	1880	1579	0.839894	1579	kmer_results/multi_exact_mapper/results_38/HAR1A_GCA_018503265.2_NA19240_pat_hprc_f2_genomic_k38_kmer_locations.summary.tsv	patHPRCf2
HAR1A-201	ENST00000433161.2	39	1879	1570	0.835551	1879	1570	0.835551	1570	kmer_results/multi_exact_mapper/results_39/HAR1A_GCA_018503265.2_NA19240_pat_hprc_f2_genomic_k39_kmer_locations.summary.tsv	patHPRCf2
HAR1A-201	ENST00000433161.2	40	1878	1561	0.831203	1878	1561	0.831203	1561	kmer_results/multi_exact_mapper/results_40/HAR1A_GCA_018503265.2_NA19240_pat_hprc_f2_genomic_k40_kmer_locations.summary.tsv	patHPRCf2
HAR1A-202	ENST00000806886.1	33	926	799	0.862851	926	799	0.862851	799	kmer_results/multi_exact_mapper/results_33/HAR1A_GCA_018503265.2_NA19240_pat_hprc_f2_genomic_k33_kmer_locations.summary.tsv	patHPRCf2
HAR1A-202	ENST00000806886.1	34	925	794	0.858378	925	794	0.858378	794	kmer_results/multi_exact_mapper/results_34/HAR1A_GCA_018503265.2_NA19240_pat_hprc_f2_genomic_k34_kmer_locations.summary.tsv	patHPRCf2
HAR1A-202	ENST00000806886.1	35	924	789	0.853896	924	789	0.853896	789	kmer_results/multi_exact_mapper/results_35/HAR1A_GCA_018503265.2_NA19240_pat_hprc_f2_genomic_k35_kmer_locations.summary.tsv	patHPRCf2
HAR1A-202	ENST00000806886.1	36	923	784	0.849404	923	784	0.849404	784	kmer_results/multi_exact_mapper/results_36/HAR1A_GCA_018503265.2_NA19240_pat_hprc_f2_genomic_k36_kmer_locations.summary.tsv	patHPRCf2
HAR1A-202	ENST00000806886.1	37	922	779	0.844902	922	779	0.844902	779	kmer_results/multi_exact_mapper/results_37/HAR1A_GCA_018503265.2_NA19240_pat_hprc_f2_genomic_k37_kmer_locations.summary.tsv	patHPRCf2
HAR1A-202	ENST00000806886.1	38	921	774	0.840391	921	774	0.840391	774	kmer_results/multi_exact_mapper/results_38/HAR1A_GCA_018503265.2_NA19240_pat_hprc_f2_genomic_k38_kmer_locations.summary.tsv	patHPRCf2
HAR1A-202	ENST00000806886.1	39	920	769	0.83587	920	769	0.83587	769	kmer_results/multi_exact_mapper/results_39/HAR1A_GCA_018503265.2_NA19240_pat_hprc_f2_genomic_k39_kmer_locations.summary.tsv	patHPRCf2
HAR1A-202	ENST00000806886.1	40	919	764	0.831338	919	764	0.831338	764	kmer_results/multi_exact_mapper/results_40/HAR1A_GCA_018503265.2_NA19240_pat_hprc_f2_genomic_k40_kmer_locations.summary.tsv	patHPRCf2
HAR1A-203	ENST00000806887.1	33	845	714	0.84497	845	714	0.84497	714	kmer_results/multi_exact_mapper/results_33/HAR1A_GCA_018503265.2_NA19240_pat_hprc_f2_genomic_k33_kmer_locations.summary.tsv	patHPRCf2
HAR1A-203	ENST00000806887.1	34	844	709	0.840047	844	709	0.840047	709	kmer_results/multi_exact_mapper/results_34/HAR1A_GCA_018503265.2_NA19240_pat_hprc_f2_genomic_k34_kmer_locations.summary.tsv	patHPRCf2
HAR1A-203	ENST00000806887.1	35	843	704	0.835113	843	704	0.835113	704	kmer_results/multi_exact_mapper/results_35/HAR1A_GCA_018503265.2_NA19240_pat_hprc_f2_genomic_k35_kmer_locations.summary.tsv	patHPRCf2
HAR1A-203	ENST00000806887.1	36	842	699	0.830166	842	699	0.830166	699	kmer_results/multi_exact_mapper/results_36/HAR1A_GCA_018503265.2_NA19240_pat_hprc_f2_genomic_k36_kmer_locations.summary.tsv	patHPRCf2
HAR1A-203	ENST00000806887.1	37	841	694	0.825208	841	694	0.825208	694	kmer_results/multi_exact_mapper/results_37/HAR1A_GCA_018503265.2_NA19240_pat_hprc_f2_genomic_k37_kmer_locations.summary.tsv	patHPRCf2
HAR1A-203	ENST00000806887.1	38	840	689	0.820238	840	689	0.820238	689	kmer_results/multi_exact_mapper/results_38/HAR1A_GCA_018503265.2_NA19240_pat_hprc_f2_genomic_k38_kmer_locations.summary.tsv	patHPRCf2
HAR1A-203	ENST00000806887.1	39	839	684	0.815256	839	684	0.815256	684	kmer_results/multi_exact_mapper/results_39/HAR1A_GCA_018503265.2_NA19240_pat_hprc_f2_genomic_k39_kmer_locations.summary.tsv	patHPRCf2
HAR1A-203	ENST00000806887.1	40	838	679	0.810263	838	679	0.810263	679	kmer_results/multi_exact_mapper/results_40/HAR1A_GCA_018503265.2_NA19240_pat_hprc_f2_genomic_k40_kmer_locations.summary.tsv	patHPRCf2
